id,rating_value,created_at
1,9.0,2025-10-17 17:59:15.791218
2,2.5,2025-10-17 17:59:15.791218
3,6.5,2025-10-17 17:59:15.791218
4,9.2,2025-10-17 17:59:15.791218
5,1.9,2025-10-17 17:59:15.791218
6,2.9,2025-10-17 17:59:15.791218
7,8.6,2025-10-17 17:59:15.791218
8,5.8,2025-10-17 17:59:15.791218
9,4.1,2025-10-17 17:59:15.791218
10,9.7,2025-10-17 17:59:15.791218
11,1.9,2025-10-17 17:59:15.791218
12,2.4,2025-10-17 17:59:15.791218
13,2.5,2025-10-17 17:59:15.791218
14,7.3,2025-10-17 17:59:15.791218
15,1.8,2025-10-17 17:59:15.791218
16,6.2,2025-10-17 17:59:15.791218
17,9.2,2025-10-17 17:59:15.791218
18,2.7,2025-10-17 17:59:15.791218
19,1.8,2025-10-17 17:59:15.791218
20,4.8,2025-10-17 17:59:15.791218
21,9.6,2025-10-17 17:59:15.791218
22,7.9,2025-10-17 17:59:15.791218
23,5.1,2025-10-17 17:59:15.791218
24,7.9,2025-10-17 17:59:15.791218
25,2.9,2025-10-17 17:59:15.791218
26,5.2,2025-10-17 17:59:15.791218
27,3.4,2025-10-17 17:59:15.791218
28,1.2,2025-10-17 17:59:15.791218
29,5.6,2025-10-17 17:59:15.791218
30,7.8,2025-10-17 17:59:15.791218
31,5.0,2025-10-17 17:59:15.791218
32,7.2,2025-10-17 17:59:15.791218
33,3.8,2025-10-17 17:59:15.791218
34,5.0,2025-10-17 17:59:15.791218
35,1.2,2025-10-17 17:59:15.791218
36,3.8,2025-10-17 17:59:15.791218
37,7.5,2025-10-17 17:59:15.791218
38,1.1,2025-10-17 17:59:15.791218
39,6.4,2025-10-17 17:59:15.791218
40,8.6,2025-10-17 17:59:15.791218
41,3.7,2025-10-17 17:59:15.791218
42,4.8,2025-10-17 17:59:15.791218
43,4.7,2025-10-17 17:59:15.791218
44,7.5,2025-10-17 17:59:15.791218
45,6.0,2025-10-17 17:59:15.791218
46,3.9,2025-10-17 17:59:15.791218
47,2.0,2025-10-17 17:59:15.791218
48,4.7,2025-10-17 17:59:15.791218
49,5.8,2025-10-17 17:59:15.791218
50,7.4,2025-10-17 17:59:15.791218
51,4.2,2025-10-17 17:59:15.791218
52,2.1,2025-10-17 17:59:15.791218
53,7.3,2025-10-17 17:59:15.791218
54,8.9,2025-10-17 17:59:15.791218
55,1.7,2025-10-17 17:59:15.791218
56,1.8,2025-10-17 17:59:15.791218
57,3.0,2025-10-17 17:59:15.791218
58,3.4,2025-10-17 17:59:15.791218
59,1.7,2025-10-17 17:59:15.791218
60,8.5,2025-10-17 17:59:15.791218
61,5.0,2025-10-17 17:59:15.791218
62,5.2,2025-10-17 17:59:15.791218
63,2.9,2025-10-17 17:59:15.791218
64,3.7,2025-10-17 17:59:15.791218
65,8.8,2025-10-17 17:59:15.791218
66,9.4,2025-10-17 17:59:15.791218
67,9.0,2025-10-17 17:59:15.791218
68,7.6,2025-10-17 17:59:15.791218
69,4.1,2025-10-17 17:59:15.791218
70,5.1,2025-10-17 17:59:15.791218
71,6.7,2025-10-17 17:59:15.791218
72,9.4,2025-10-17 17:59:15.791218
73,6.4,2025-10-17 17:59:15.791218
74,6.1,2025-10-17 17:59:15.791218
75,3.9,2025-10-17 17:59:15.791218
76,7.0,2025-10-17 17:59:15.791218
77,4.2,2025-10-17 17:59:15.791218
78,1.1,2025-10-17 17:59:15.791218
79,8.2,2025-10-17 17:59:15.791218
80,2.8,2025-10-17 17:59:15.791218
81,3.2,2025-10-17 17:59:15.791218
82,9.9,2025-10-17 17:59:15.791218
83,3.5,2025-10-17 17:59:15.791218
84,4.5,2025-10-17 17:59:15.791218
85,4.4,2025-10-17 17:59:15.791218
86,5.6,2025-10-17 17:59:15.791218
87,9.2,2025-10-17 17:59:15.791218
88,1.1,2025-10-17 17:59:15.791218
89,5.7,2025-10-17 17:59:15.791218
90,4.6,2025-10-17 17:59:15.791218
91,4.6,2025-10-17 17:59:15.791218
92,2.2,2025-10-17 17:59:15.791218
93,7.2,2025-10-17 17:59:15.791218
94,7.4,2025-10-17 17:59:15.791218
95,5.1,2025-10-17 17:59:15.791218
96,4.0,2025-10-17 17:59:15.791218
97,2.8,2025-10-17 17:59:15.791218
98,1.9,2025-10-17 17:59:15.791218
99,9.7,2025-10-17 17:59:15.791218
100,9.1,2025-10-17 17:59:15.791218
101,8.1,2025-10-17 17:59:15.791218
102,5.3,2025-10-17 17:59:15.791218
103,1.3,2025-10-17 17:59:15.791218
104,3.2,2025-10-17 17:59:15.791218
105,7.6,2025-10-17 17:59:15.791218
106,1.2,2025-10-17 17:59:15.791218
107,1.6,2025-10-17 17:59:15.791218
108,7.6,2025-10-17 17:59:15.791218
109,4.6,2025-10-17 17:59:15.791218
110,2.7,2025-10-17 17:59:15.791218
111,6.4,2025-10-17 17:59:15.791218
112,6.6,2025-10-17 17:59:15.791218
113,5.4,2025-10-17 17:59:15.791218
114,4.6,2025-10-17 17:59:15.791218
115,7.9,2025-10-17 17:59:15.791218
116,3.0,2025-10-17 17:59:15.791218
117,3.5,2025-10-17 17:59:15.791218
118,1.9,2025-10-17 17:59:15.791218
119,5.2,2025-10-17 17:59:15.791218
120,7.0,2025-10-17 17:59:15.791218
121,6.1,2025-10-17 17:59:15.791218
122,8.5,2025-10-17 17:59:15.791218
123,2.1,2025-10-17 17:59:15.791218
124,1.5,2025-10-17 17:59:15.791218
125,1.5,2025-10-17 17:59:15.791218
126,5.4,2025-10-17 17:59:15.791218
127,9.5,2025-10-17 17:59:15.791218
128,4.2,2025-10-17 17:59:15.791218
129,1.3,2025-10-17 17:59:15.791218
130,4.6,2025-10-17 17:59:15.791218
131,6.8,2025-10-17 17:59:15.791218
132,4.9,2025-10-17 17:59:15.791218
133,1.1,2025-10-17 17:59:15.791218
134,1.4,2025-10-17 17:59:15.791218
135,7.1,2025-10-17 17:59:15.791218
136,8.4,2025-10-17 17:59:15.791218
137,8.8,2025-10-17 17:59:15.791218
138,4.2,2025-10-17 17:59:15.791218
139,3.8,2025-10-17 17:59:15.791218
140,6.7,2025-10-17 17:59:15.791218
141,5.9,2025-10-17 17:59:15.791218
142,4.1,2025-10-17 17:59:15.791218
143,4.2,2025-10-17 17:59:15.791218
144,4.3,2025-10-17 17:59:15.791218
145,1.3,2025-10-17 17:59:15.791218
146,4.8,2025-10-17 17:59:15.791218
147,9.2,2025-10-17 17:59:15.791218
148,5.4,2025-10-17 17:59:15.791218
149,6.8,2025-10-17 17:59:15.791218
150,7.1,2025-10-17 17:59:15.791218
151,9.8,2025-10-17 17:59:15.791218
152,5.1,2025-10-17 17:59:15.791218
153,7.2,2025-10-17 17:59:15.791218
154,4.2,2025-10-17 17:59:15.791218
155,1.3,2025-10-17 17:59:15.791218
156,4.6,2025-10-17 17:59:15.791218
157,1.7,2025-10-17 17:59:15.791218
158,2.2,2025-10-17 17:59:15.791218
159,9.2,2025-10-17 17:59:15.791218
160,5.8,2025-10-17 17:59:15.791218
161,3.8,2025-10-17 17:59:15.791218
162,3.5,2025-10-17 17:59:15.791218
163,9.7,2025-10-17 17:59:15.791218
164,8.0,2025-10-17 17:59:15.791218
165,5.9,2025-10-17 17:59:15.791218
166,7.6,2025-10-17 17:59:15.791218
167,7.7,2025-10-17 17:59:15.791218
168,9.8,2025-10-17 17:59:15.791218
169,5.0,2025-10-17 17:59:15.791218
170,2.5,2025-10-17 17:59:15.791218
171,5.9,2025-10-17 17:59:15.791218
172,6.4,2025-10-17 17:59:15.791218
173,2.6,2025-10-17 17:59:15.791218
174,4.7,2025-10-17 17:59:15.791218
175,2.1,2025-10-17 17:59:15.791218
176,1.0,2025-10-17 17:59:15.791218
177,6.2,2025-10-17 17:59:15.791218
178,2.1,2025-10-17 17:59:15.791218
179,6.3,2025-10-17 17:59:15.791218
180,6.7,2025-10-17 17:59:15.791218
181,8.1,2025-10-17 17:59:15.791218
182,5.8,2025-10-17 17:59:15.791218
183,7.5,2025-10-17 17:59:15.791218
184,8.7,2025-10-17 17:59:15.791218
185,5.1,2025-10-17 17:59:15.791218
186,7.2,2025-10-17 17:59:15.791218
187,4.1,2025-10-17 17:59:15.791218
188,6.1,2025-10-17 17:59:15.791218
189,9.1,2025-10-17 17:59:15.791218
190,1.3,2025-10-17 17:59:15.791218
191,8.5,2025-10-17 17:59:15.791218
192,2.6,2025-10-17 17:59:15.791218
193,2.4,2025-10-17 17:59:15.791218
194,1.3,2025-10-17 17:59:15.791218
195,4.1,2025-10-17 17:59:15.791218
196,1.6,2025-10-17 17:59:15.791218
197,6.4,2025-10-17 17:59:15.791218
198,5.8,2025-10-17 17:59:15.791218
199,1.5,2025-10-17 17:59:15.791218
200,6.7,2025-10-17 17:59:15.791218
201,6.2,2025-10-17 17:59:15.791218
202,4.3,2025-10-17 17:59:15.791218
203,2.0,2025-10-17 17:59:15.791218
204,3.2,2025-10-17 17:59:15.791218
205,4.6,2025-10-17 17:59:15.791218
206,1.1,2025-10-17 17:59:15.791218
207,2.9,2025-10-17 17:59:15.791218
208,9.1,2025-10-17 17:59:15.791218
209,8.0,2025-10-17 17:59:15.791218
210,7.2,2025-10-17 17:59:15.791218
211,7.1,2025-10-17 17:59:15.791218
212,7.6,2025-10-17 17:59:15.791218
213,7.5,2025-10-17 17:59:15.791218
214,7.9,2025-10-17 17:59:15.791218
215,5.6,2025-10-17 17:59:15.791218
216,1.3,2025-10-17 17:59:15.791218
217,2.0,2025-10-17 17:59:15.791218
218,6.8,2025-10-17 17:59:15.791218
219,8.8,2025-10-17 17:59:15.791218
220,5.8,2025-10-17 17:59:15.791218
221,2.1,2025-10-17 17:59:15.791218
222,9.3,2025-10-17 17:59:15.791218
223,3.9,2025-10-17 17:59:15.791218
224,7.9,2025-10-17 17:59:15.791218
225,3.0,2025-10-17 17:59:15.791218
226,1.8,2025-10-17 17:59:15.791218
227,8.5,2025-10-17 17:59:15.791218
228,9.9,2025-10-17 17:59:15.791218
229,6.0,2025-10-17 17:59:15.791218
230,2.2,2025-10-17 17:59:15.791218
231,7.2,2025-10-17 17:59:15.791218
232,3.6,2025-10-17 17:59:15.791218
233,8.2,2025-10-17 17:59:15.791218
234,3.8,2025-10-17 17:59:15.791218
235,5.5,2025-10-17 17:59:15.791218
236,4.2,2025-10-17 17:59:15.791218
237,4.3,2025-10-17 17:59:15.791218
238,9.5,2025-10-17 17:59:15.791218
239,2.6,2025-10-17 17:59:15.791218
240,6.7,2025-10-17 17:59:15.791218
241,4.5,2025-10-17 17:59:15.791218
242,4.4,2025-10-17 17:59:15.791218
243,5.2,2025-10-17 17:59:15.791218
244,7.1,2025-10-17 17:59:15.791218
245,3.9,2025-10-17 17:59:15.791218
246,1.4,2025-10-17 17:59:15.791218
247,8.3,2025-10-17 17:59:15.791218
248,3.5,2025-10-17 17:59:15.791218
249,8.0,2025-10-17 17:59:15.791218
250,1.2,2025-10-17 17:59:15.791218
251,3.7,2025-10-17 17:59:15.791218
252,3.3,2025-10-17 17:59:15.791218
253,1.0,2025-10-17 17:59:15.791218
254,3.2,2025-10-17 17:59:15.791218
255,5.4,2025-10-17 17:59:15.791218
256,5.0,2025-10-17 17:59:15.791218
257,9.3,2025-10-17 17:59:15.791218
258,3.3,2025-10-17 17:59:15.791218
259,6.2,2025-10-17 17:59:15.791218
260,8.7,2025-10-17 17:59:15.791218
261,3.3,2025-10-17 17:59:15.791218
262,8.1,2025-10-17 17:59:15.791218
263,7.0,2025-10-17 17:59:15.791218
264,3.1,2025-10-17 17:59:15.791218
265,8.6,2025-10-17 17:59:15.791218
266,2.2,2025-10-17 17:59:15.791218
267,7.4,2025-10-17 17:59:15.791218
268,4.3,2025-10-17 17:59:15.791218
269,2.3,2025-10-17 17:59:15.791218
270,2.5,2025-10-17 17:59:15.791218
271,7.7,2025-10-17 17:59:15.791218
272,6.5,2025-10-17 17:59:15.791218
273,8.5,2025-10-17 17:59:15.791218
274,7.8,2025-10-17 17:59:15.791218
275,8.1,2025-10-17 17:59:15.791218
276,1.6,2025-10-17 17:59:15.791218
277,4.3,2025-10-17 17:59:15.791218
278,4.7,2025-10-17 17:59:15.791218
279,9.4,2025-10-17 17:59:15.791218
280,3.9,2025-10-17 17:59:15.791218
281,2.2,2025-10-17 17:59:15.791218
282,5.3,2025-10-17 17:59:15.791218
283,3.0,2025-10-17 17:59:15.791218
284,4.7,2025-10-17 17:59:15.791218
285,3.7,2025-10-17 17:59:15.791218
286,5.2,2025-10-17 17:59:15.791218
287,9.9,2025-10-17 17:59:15.791218
288,9.4,2025-10-17 17:59:15.791218
289,4.8,2025-10-17 17:59:15.791218
290,3.3,2025-10-17 17:59:15.791218
291,5.6,2025-10-17 17:59:15.791218
292,3.5,2025-10-17 17:59:15.791218
293,4.7,2025-10-17 17:59:15.791218
294,8.4,2025-10-17 17:59:15.791218
295,7.8,2025-10-17 17:59:15.791218
296,7.7,2025-10-17 17:59:15.791218
297,2.6,2025-10-17 17:59:15.791218
298,1.9,2025-10-17 17:59:15.791218
299,4.7,2025-10-17 17:59:15.791218
300,4.0,2025-10-17 17:59:15.791218
301,6.9,2025-10-17 17:59:15.791218
302,2.4,2025-10-17 17:59:15.791218
303,8.0,2025-10-17 17:59:15.791218
304,3.7,2025-10-17 17:59:15.791218
305,9.3,2025-10-17 17:59:15.791218
306,4.3,2025-10-17 17:59:15.791218
307,3.1,2025-10-17 17:59:15.791218
308,1.2,2025-10-17 17:59:15.791218
309,8.1,2025-10-17 17:59:15.791218
310,4.4,2025-10-17 17:59:15.791218
311,4.2,2025-10-17 17:59:15.791218
312,7.6,2025-10-17 17:59:15.791218
313,9.3,2025-10-17 17:59:15.791218
314,5.7,2025-10-17 17:59:15.791218
315,7.8,2025-10-17 17:59:15.791218
316,7.7,2025-10-17 17:59:15.791218
317,4.1,2025-10-17 17:59:15.791218
318,7.6,2025-10-17 17:59:15.791218
319,7.0,2025-10-17 17:59:15.791218
320,7.8,2025-10-17 17:59:15.791218
321,1.5,2025-10-17 17:59:15.791218
322,8.0,2025-10-17 17:59:15.791218
323,3.0,2025-10-17 17:59:15.791218
324,5.9,2025-10-17 17:59:15.791218
325,4.8,2025-10-17 17:59:15.791218
326,6.5,2025-10-17 17:59:15.791218
327,5.7,2025-10-17 17:59:15.791218
328,9.0,2025-10-17 17:59:15.791218
329,5.3,2025-10-17 17:59:15.791218
330,4.9,2025-10-17 17:59:15.791218
331,2.1,2025-10-17 17:59:15.791218
332,6.8,2025-10-17 17:59:15.791218
333,9.0,2025-10-17 17:59:15.791218
334,6.9,2025-10-17 17:59:15.791218
335,3.1,2025-10-17 17:59:15.791218
336,9.1,2025-10-17 17:59:15.791218
337,7.1,2025-10-17 17:59:15.791218
338,1.9,2025-10-17 17:59:15.791218
339,8.6,2025-10-17 17:59:15.791218
340,6.6,2025-10-17 17:59:15.791218
341,5.7,2025-10-17 17:59:15.791218
342,9.5,2025-10-17 17:59:15.791218
343,1.0,2025-10-17 17:59:15.791218
344,1.0,2025-10-17 17:59:15.791218
345,5.6,2025-10-17 17:59:15.791218
346,4.8,2025-10-17 17:59:15.791218
347,9.2,2025-10-17 17:59:15.791218
348,5.1,2025-10-17 17:59:15.791218
349,3.5,2025-10-17 17:59:15.791218
350,3.4,2025-10-17 17:59:15.791218
351,8.2,2025-10-17 17:59:15.791218
352,7.9,2025-10-17 17:59:15.791218
353,7.4,2025-10-17 17:59:15.791218
354,8.4,2025-10-17 17:59:15.791218
355,4.0,2025-10-17 17:59:15.791218
356,3.2,2025-10-17 17:59:15.791218
357,9.2,2025-10-17 17:59:15.791218
358,3.4,2025-10-17 17:59:15.791218
359,7.5,2025-10-17 17:59:15.791218
360,6.4,2025-10-17 17:59:15.791218
361,3.0,2025-10-17 17:59:15.791218
362,2.6,2025-10-17 17:59:15.791218
363,4.0,2025-10-17 17:59:15.791218
364,5.5,2025-10-17 17:59:15.791218
365,6.7,2025-10-17 17:59:15.791218
366,1.6,2025-10-17 17:59:15.791218
367,7.2,2025-10-17 17:59:15.791218
368,8.5,2025-10-17 17:59:15.791218
369,2.1,2025-10-17 17:59:15.791218
370,9.4,2025-10-17 17:59:15.791218
371,6.9,2025-10-17 17:59:15.791218
372,3.2,2025-10-17 17:59:15.791218
373,5.1,2025-10-17 17:59:15.791218
374,8.9,2025-10-17 17:59:15.791218
375,3.9,2025-10-17 17:59:15.791218
376,5.0,2025-10-17 17:59:15.791218
377,2.4,2025-10-17 17:59:15.791218
378,3.6,2025-10-17 17:59:15.791218
379,8.8,2025-10-17 17:59:15.791218
380,3.3,2025-10-17 17:59:15.791218
381,9.8,2025-10-17 17:59:15.791218
382,1.8,2025-10-17 17:59:15.791218
383,8.1,2025-10-17 17:59:15.791218
384,5.8,2025-10-17 17:59:15.791218
385,7.8,2025-10-17 17:59:15.791218
386,4.1,2025-10-17 17:59:15.791218
387,6.2,2025-10-17 17:59:15.791218
388,6.1,2025-10-17 17:59:15.791218
389,1.8,2025-10-17 17:59:15.791218
390,2.2,2025-10-17 17:59:15.791218
391,5.3,2025-10-17 17:59:15.791218
392,4.2,2025-10-17 17:59:15.791218
393,3.1,2025-10-17 17:59:15.791218
394,9.6,2025-10-17 17:59:15.791218
395,2.1,2025-10-17 17:59:15.791218
396,2.4,2025-10-17 17:59:15.791218
397,8.5,2025-10-17 17:59:15.791218
398,3.7,2025-10-17 17:59:15.791218
399,5.7,2025-10-17 17:59:15.791218
400,9.9,2025-10-17 17:59:15.791218
401,3.2,2025-10-17 17:59:15.791218
402,4.5,2025-10-17 17:59:15.791218
403,2.1,2025-10-17 17:59:15.791218
404,4.1,2025-10-17 17:59:15.791218
405,4.4,2025-10-17 17:59:15.791218
406,1.4,2025-10-17 17:59:15.791218
407,4.7,2025-10-17 17:59:15.791218
408,7.1,2025-10-17 17:59:15.791218
409,1.9,2025-10-17 17:59:15.791218
410,2.9,2025-10-17 17:59:15.791218
411,3.7,2025-10-17 17:59:15.791218
412,3.4,2025-10-17 17:59:15.791218
413,6.5,2025-10-17 17:59:15.791218
414,7.9,2025-10-17 17:59:15.791218
415,4.6,2025-10-17 17:59:15.791218
416,7.3,2025-10-17 17:59:15.791218
417,9.4,2025-10-17 17:59:15.791218
418,7.3,2025-10-17 17:59:15.791218
419,3.4,2025-10-17 17:59:15.791218
420,2.7,2025-10-17 17:59:15.791218
421,3.8,2025-10-17 17:59:15.791218
422,9.4,2025-10-17 17:59:15.791218
423,1.4,2025-10-17 17:59:15.791218
424,6.4,2025-10-17 17:59:15.791218
425,2.4,2025-10-17 17:59:15.791218
426,6.4,2025-10-17 17:59:15.791218
427,9.0,2025-10-17 17:59:15.791218
428,4.8,2025-10-17 17:59:15.791218
429,9.1,2025-10-17 17:59:15.791218
430,3.4,2025-10-17 17:59:15.791218
431,7.7,2025-10-17 17:59:15.791218
432,3.3,2025-10-17 17:59:15.791218
433,2.1,2025-10-17 17:59:15.791218
434,8.5,2025-10-17 17:59:15.791218
435,4.6,2025-10-17 17:59:15.791218
436,3.4,2025-10-17 17:59:15.791218
437,5.5,2025-10-17 17:59:15.791218
438,6.5,2025-10-17 17:59:15.791218
439,4.2,2025-10-17 17:59:15.791218
440,1.5,2025-10-17 17:59:15.791218
441,6.3,2025-10-17 17:59:15.791218
442,1.4,2025-10-17 17:59:15.791218
443,6.6,2025-10-17 17:59:15.791218
444,4.4,2025-10-17 17:59:15.791218
445,4.8,2025-10-17 17:59:15.791218
446,2.5,2025-10-17 17:59:15.791218
447,2.1,2025-10-17 17:59:15.791218
448,3.1,2025-10-17 17:59:15.791218
449,6.4,2025-10-17 17:59:15.791218
450,2.0,2025-10-17 17:59:15.791218
451,1.1,2025-10-17 17:59:15.791218
452,7.9,2025-10-17 17:59:15.791218
453,8.7,2025-10-17 17:59:15.791218
454,7.0,2025-10-17 17:59:15.791218
455,2.1,2025-10-17 17:59:15.791218
456,6.6,2025-10-17 17:59:15.791218
457,3.3,2025-10-17 17:59:15.791218
458,8.6,2025-10-17 17:59:15.791218
459,8.5,2025-10-17 17:59:15.791218
460,3.5,2025-10-17 17:59:15.791218
461,9.3,2025-10-17 17:59:15.791218
462,9.6,2025-10-17 17:59:15.791218
463,5.7,2025-10-17 17:59:15.791218
464,2.2,2025-10-17 17:59:15.791218
465,4.7,2025-10-17 17:59:15.791218
466,1.1,2025-10-17 17:59:15.791218
467,8.1,2025-10-17 17:59:15.791218
468,6.1,2025-10-17 17:59:15.791218
469,6.3,2025-10-17 17:59:15.791218
470,1.7,2025-10-17 17:59:15.791218
471,6.2,2025-10-17 17:59:15.791218
472,3.7,2025-10-17 17:59:15.791218
473,4.3,2025-10-17 17:59:15.791218
474,6.6,2025-10-17 17:59:15.791218
475,7.0,2025-10-17 17:59:15.791218
476,5.9,2025-10-17 17:59:15.791218
477,9.1,2025-10-17 17:59:15.791218
478,6.9,2025-10-17 17:59:15.791218
479,8.1,2025-10-17 17:59:15.791218
480,5.2,2025-10-17 17:59:15.791218
481,7.3,2025-10-17 17:59:15.791218
482,8.2,2025-10-17 17:59:15.791218
483,7.6,2025-10-17 17:59:15.791218
484,4.9,2025-10-17 17:59:15.791218
485,4.4,2025-10-17 17:59:15.791218
486,9.5,2025-10-17 17:59:15.791218
487,2.5,2025-10-17 17:59:15.791218
488,8.9,2025-10-17 17:59:15.791218
489,7.2,2025-10-17 17:59:15.791218
490,2.4,2025-10-17 17:59:15.791218
491,3.6,2025-10-17 17:59:15.791218
492,7.3,2025-10-17 17:59:15.791218
493,3.8,2025-10-17 17:59:15.791218
494,6.2,2025-10-17 17:59:15.791218
495,8.4,2025-10-17 17:59:15.791218
496,3.4,2025-10-17 17:59:15.791218
497,4.5,2025-10-17 17:59:15.791218
498,4.6,2025-10-17 17:59:15.791218
499,2.7,2025-10-17 17:59:15.791218
500,8.7,2025-10-17 17:59:15.791218
501,4.3,2025-10-17 17:59:15.791218
502,4.5,2025-10-17 17:59:15.791218
503,7.0,2025-10-17 17:59:15.791218
504,5.8,2025-10-17 17:59:15.791218
505,3.1,2025-10-17 17:59:15.791218
506,7.8,2025-10-17 17:59:15.791218
507,4.0,2025-10-17 17:59:15.791218
508,2.3,2025-10-17 17:59:15.791218
509,7.9,2025-10-17 17:59:15.791218
510,8.4,2025-10-17 17:59:15.791218
511,6.0,2025-10-17 17:59:15.791218
512,8.8,2025-10-17 17:59:15.791218
513,8.2,2025-10-17 17:59:15.791218
514,7.7,2025-10-17 17:59:15.791218
515,3.0,2025-10-17 17:59:15.791218
516,5.0,2025-10-17 17:59:15.791218
517,3.3,2025-10-17 17:59:15.791218
518,3.8,2025-10-17 17:59:15.791218
519,7.0,2025-10-17 17:59:15.791218
520,2.9,2025-10-17 17:59:15.791218
521,3.0,2025-10-17 17:59:15.791218
522,7.6,2025-10-17 17:59:15.791218
523,5.9,2025-10-17 17:59:15.791218
524,6.2,2025-10-17 17:59:15.791218
525,8.8,2025-10-17 17:59:15.791218
526,1.1,2025-10-17 17:59:15.791218
527,5.5,2025-10-17 17:59:15.791218
528,8.2,2025-10-17 17:59:15.791218
529,7.5,2025-10-17 17:59:15.791218
530,9.7,2025-10-17 17:59:15.791218
531,3.2,2025-10-17 17:59:15.791218
532,3.9,2025-10-17 17:59:15.791218
533,7.7,2025-10-17 17:59:15.791218
534,7.6,2025-10-17 17:59:15.791218
535,7.3,2025-10-17 17:59:15.791218
536,3.6,2025-10-17 17:59:15.791218
537,8.6,2025-10-17 17:59:15.791218
538,3.0,2025-10-17 17:59:15.791218
539,4.8,2025-10-17 17:59:15.791218
540,5.4,2025-10-17 17:59:15.791218
541,2.9,2025-10-17 17:59:15.791218
542,7.4,2025-10-17 17:59:15.791218
543,6.4,2025-10-17 17:59:15.791218
544,2.2,2025-10-17 17:59:15.791218
545,1.5,2025-10-17 17:59:15.791218
546,9.6,2025-10-17 17:59:15.791218
547,5.0,2025-10-17 17:59:15.791218
548,3.0,2025-10-17 17:59:15.791218
549,2.9,2025-10-17 17:59:15.791218
550,9.6,2025-10-17 17:59:15.791218
551,9.3,2025-10-17 17:59:15.791218
552,3.4,2025-10-17 17:59:15.791218
553,4.0,2025-10-17 17:59:15.791218
554,4.8,2025-10-17 17:59:15.791218
555,3.0,2025-10-17 17:59:15.791218
556,5.1,2025-10-17 17:59:15.791218
557,2.9,2025-10-17 17:59:15.791218
558,5.6,2025-10-17 17:59:15.791218
559,6.2,2025-10-17 17:59:15.791218
560,7.1,2025-10-17 17:59:15.791218
561,4.7,2025-10-17 17:59:15.791218
562,8.7,2025-10-17 17:59:15.791218
563,9.4,2025-10-17 17:59:15.791218
564,1.1,2025-10-17 17:59:15.791218
565,4.6,2025-10-17 17:59:15.791218
566,8.8,2025-10-17 17:59:15.791218
567,7.1,2025-10-17 17:59:15.791218
568,7.7,2025-10-17 17:59:15.791218
569,6.1,2025-10-17 17:59:15.791218
570,9.6,2025-10-17 17:59:15.791218
571,9.0,2025-10-17 17:59:15.791218
572,7.1,2025-10-17 17:59:15.791218
573,9.3,2025-10-17 17:59:15.791218
574,4.3,2025-10-17 17:59:15.791218
575,8.3,2025-10-17 17:59:15.791218
576,9.5,2025-10-17 17:59:15.791218
577,3.4,2025-10-17 17:59:15.791218
578,2.3,2025-10-17 17:59:15.791218
579,7.1,2025-10-17 17:59:15.791218
580,8.2,2025-10-17 17:59:15.791218
581,4.7,2025-10-17 17:59:15.791218
582,7.1,2025-10-17 17:59:15.791218
583,4.7,2025-10-17 17:59:15.791218
584,4.0,2025-10-17 17:59:15.791218
585,8.2,2025-10-17 17:59:15.791218
586,7.3,2025-10-17 17:59:15.791218
587,6.1,2025-10-17 17:59:15.791218
588,5.3,2025-10-17 17:59:15.791218
589,1.3,2025-10-17 17:59:15.791218
590,6.8,2025-10-17 17:59:15.791218
591,6.9,2025-10-17 17:59:15.791218
592,9.0,2025-10-17 17:59:15.791218
593,1.9,2025-10-17 17:59:15.791218
594,3.5,2025-10-17 17:59:15.791218
595,7.6,2025-10-17 17:59:15.791218
596,2.4,2025-10-17 17:59:15.791218
597,5.7,2025-10-17 17:59:15.791218
598,9.4,2025-10-17 17:59:15.791218
599,7.3,2025-10-17 17:59:15.791218
600,7.0,2025-10-17 17:59:15.791218
601,4.3,2025-10-17 17:59:15.791218
602,5.7,2025-10-17 17:59:15.791218
603,9.7,2025-10-17 17:59:15.791218
604,1.5,2025-10-17 17:59:15.791218
605,6.4,2025-10-17 17:59:15.791218
606,6.5,2025-10-17 17:59:15.791218
607,5.7,2025-10-17 17:59:15.791218
608,6.1,2025-10-17 17:59:15.791218
609,1.3,2025-10-17 17:59:15.791218
610,9.5,2025-10-17 17:59:15.791218
611,5.6,2025-10-17 17:59:15.791218
612,9.1,2025-10-17 17:59:15.791218
613,4.6,2025-10-17 17:59:15.791218
614,5.3,2025-10-17 17:59:15.791218
615,6.0,2025-10-17 17:59:15.791218
616,8.6,2025-10-17 17:59:15.791218
617,1.6,2025-10-17 17:59:15.791218
618,5.3,2025-10-17 17:59:15.791218
619,6.1,2025-10-17 17:59:15.791218
620,6.2,2025-10-17 17:59:15.791218
621,8.0,2025-10-17 17:59:15.791218
622,2.6,2025-10-17 17:59:15.791218
623,9.3,2025-10-17 17:59:15.791218
624,7.3,2025-10-17 17:59:15.791218
625,6.3,2025-10-17 17:59:15.791218
626,4.6,2025-10-17 17:59:15.791218
627,8.3,2025-10-17 17:59:15.791218
628,8.4,2025-10-17 17:59:15.791218
629,3.6,2025-10-17 17:59:15.791218
630,7.6,2025-10-17 17:59:15.791218
631,3.3,2025-10-17 17:59:15.791218
632,2.2,2025-10-17 17:59:15.791218
633,2.6,2025-10-17 17:59:15.791218
634,8.4,2025-10-17 17:59:15.791218
635,6.0,2025-10-17 17:59:15.791218
636,8.0,2025-10-17 17:59:15.791218
637,2.7,2025-10-17 17:59:15.791218
638,3.3,2025-10-17 17:59:15.791218
639,9.1,2025-10-17 17:59:15.791218
640,3.7,2025-10-17 17:59:15.791218
641,8.3,2025-10-17 17:59:15.791218
642,1.6,2025-10-17 17:59:15.791218
643,1.2,2025-10-17 17:59:15.791218
644,5.9,2025-10-17 17:59:15.791218
645,9.6,2025-10-17 17:59:15.791218
646,5.4,2025-10-17 17:59:15.791218
647,6.8,2025-10-17 17:59:15.791218
648,5.5,2025-10-17 17:59:15.791218
649,7.5,2025-10-17 17:59:15.791218
650,5.7,2025-10-17 17:59:15.791218
651,3.8,2025-10-17 17:59:15.791218
652,2.0,2025-10-17 17:59:15.791218
653,6.9,2025-10-17 17:59:15.791218
654,8.9,2025-10-17 17:59:15.791218
655,6.5,2025-10-17 17:59:15.791218
656,3.0,2025-10-17 17:59:15.791218
657,9.9,2025-10-17 17:59:15.791218
658,7.5,2025-10-17 17:59:15.791218
659,8.8,2025-10-17 17:59:15.791218
660,6.8,2025-10-17 17:59:15.791218
661,1.5,2025-10-17 17:59:15.791218
662,6.7,2025-10-17 17:59:15.791218
663,3.2,2025-10-17 17:59:15.791218
664,3.0,2025-10-17 17:59:15.791218
665,5.3,2025-10-17 17:59:15.791218
666,3.3,2025-10-17 17:59:15.791218
667,4.1,2025-10-17 17:59:15.791218
668,7.8,2025-10-17 17:59:15.791218
669,6.7,2025-10-17 17:59:15.791218
670,1.4,2025-10-17 17:59:15.791218
671,3.1,2025-10-17 17:59:15.791218
672,1.5,2025-10-17 17:59:15.791218
673,6.0,2025-10-17 17:59:15.791218
674,4.1,2025-10-17 17:59:15.791218
675,1.2,2025-10-17 17:59:15.791218
676,6.7,2025-10-17 17:59:15.791218
677,6.8,2025-10-17 17:59:15.791218
678,1.9,2025-10-17 17:59:15.791218
679,1.2,2025-10-17 17:59:15.791218
680,3.2,2025-10-17 17:59:15.791218
681,7.7,2025-10-17 17:59:15.791218
682,9.9,2025-10-17 17:59:15.791218
683,5.1,2025-10-17 17:59:15.791218
684,1.7,2025-10-17 17:59:15.791218
685,4.0,2025-10-17 17:59:15.791218
686,7.3,2025-10-17 17:59:15.791218
687,5.8,2025-10-17 17:59:15.791218
688,8.3,2025-10-17 17:59:15.791218
689,1.3,2025-10-17 17:59:15.791218
690,3.8,2025-10-17 17:59:15.791218
691,8.9,2025-10-17 17:59:15.791218
692,6.0,2025-10-17 17:59:15.791218
693,8.8,2025-10-17 17:59:15.791218
694,9.3,2025-10-17 17:59:15.791218
695,8.9,2025-10-17 17:59:15.791218
696,8.7,2025-10-17 17:59:15.791218
697,7.5,2025-10-17 17:59:15.791218
698,9.7,2025-10-17 17:59:15.791218
699,9.4,2025-10-17 17:59:15.791218
700,7.2,2025-10-17 17:59:15.791218
701,4.0,2025-10-17 17:59:15.791218
702,1.3,2025-10-17 17:59:15.791218
703,8.9,2025-10-17 17:59:15.791218
704,3.5,2025-10-17 17:59:15.791218
705,3.3,2025-10-17 17:59:15.791218
706,7.8,2025-10-17 17:59:15.791218
707,4.1,2025-10-17 17:59:15.791218
708,2.7,2025-10-17 17:59:15.791218
709,2.9,2025-10-17 17:59:15.791218
710,6.5,2025-10-17 17:59:15.791218
711,8.3,2025-10-17 17:59:15.791218
712,7.3,2025-10-17 17:59:15.791218
713,9.1,2025-10-17 17:59:15.791218
714,6.3,2025-10-17 17:59:15.791218
715,9.2,2025-10-17 17:59:15.791218
716,7.1,2025-10-17 17:59:15.791218
717,3.9,2025-10-17 17:59:15.791218
718,8.2,2025-10-17 17:59:15.791218
719,1.4,2025-10-17 17:59:15.791218
720,4.5,2025-10-17 17:59:15.791218
721,9.6,2025-10-17 17:59:15.791218
722,9.0,2025-10-17 17:59:15.791218
723,3.7,2025-10-17 17:59:15.791218
724,7.1,2025-10-17 17:59:15.791218
725,9.4,2025-10-17 17:59:15.791218
726,1.5,2025-10-17 17:59:15.791218
727,3.8,2025-10-17 17:59:15.791218
728,6.1,2025-10-17 17:59:15.791218
729,6.5,2025-10-17 17:59:15.791218
730,6.4,2025-10-17 17:59:15.791218
731,8.4,2025-10-17 17:59:15.791218
732,6.8,2025-10-17 17:59:15.791218
733,1.3,2025-10-17 17:59:15.791218
734,5.5,2025-10-17 17:59:15.791218
735,2.6,2025-10-17 17:59:15.791218
736,9.1,2025-10-17 17:59:15.791218
737,1.3,2025-10-17 17:59:15.791218
738,6.7,2025-10-17 17:59:15.791218
739,3.4,2025-10-17 17:59:15.791218
740,3.7,2025-10-17 17:59:15.791218
741,9.9,2025-10-17 17:59:15.791218
742,2.9,2025-10-17 17:59:15.791218
743,4.5,2025-10-17 17:59:15.791218
744,2.7,2025-10-17 17:59:15.791218
745,2.6,2025-10-17 17:59:15.791218
746,5.4,2025-10-17 17:59:15.791218
747,8.0,2025-10-17 17:59:15.791218
748,9.5,2025-10-17 17:59:15.791218
749,8.3,2025-10-17 17:59:15.791218
750,8.5,2025-10-17 17:59:15.791218
751,6.4,2025-10-17 17:59:15.791218
752,6.6,2025-10-17 17:59:15.791218
753,4.1,2025-10-17 17:59:15.791218
754,1.7,2025-10-17 17:59:15.791218
755,5.8,2025-10-17 17:59:15.791218
756,2.0,2025-10-17 17:59:15.791218
757,1.0,2025-10-17 17:59:15.791218
758,1.6,2025-10-17 17:59:15.791218
759,4.6,2025-10-17 17:59:15.791218
760,2.3,2025-10-17 17:59:15.791218
761,6.2,2025-10-17 17:59:15.791218
762,2.0,2025-10-17 17:59:15.791218
763,7.1,2025-10-17 17:59:15.791218
764,8.8,2025-10-17 17:59:15.791218
765,6.6,2025-10-17 17:59:15.791218
766,7.5,2025-10-17 17:59:15.791218
767,7.1,2025-10-17 17:59:15.791218
768,7.8,2025-10-17 17:59:15.791218
769,5.3,2025-10-17 17:59:15.791218
770,4.4,2025-10-17 17:59:15.791218
771,8.5,2025-10-17 17:59:15.791218
772,3.6,2025-10-17 17:59:15.791218
773,4.2,2025-10-17 17:59:15.791218
774,2.5,2025-10-17 17:59:15.791218
775,4.4,2025-10-17 17:59:15.791218
776,9.8,2025-10-17 17:59:15.791218
777,5.9,2025-10-17 17:59:15.791218
778,9.4,2025-10-17 17:59:15.791218
779,9.3,2025-10-17 17:59:15.791218
780,2.5,2025-10-17 17:59:15.791218
781,1.9,2025-10-17 17:59:15.791218
782,9.8,2025-10-17 17:59:15.791218
783,5.0,2025-10-17 17:59:15.791218
784,6.4,2025-10-17 17:59:15.791218
785,2.2,2025-10-17 17:59:15.791218
786,6.1,2025-10-17 17:59:15.791218
787,4.2,2025-10-17 17:59:15.791218
788,7.8,2025-10-17 17:59:15.791218
789,8.8,2025-10-17 17:59:15.791218
790,1.3,2025-10-17 17:59:15.791218
791,1.5,2025-10-17 17:59:15.791218
792,8.5,2025-10-17 17:59:15.791218
793,6.7,2025-10-17 17:59:15.791218
794,3.7,2025-10-17 17:59:15.791218
795,7.2,2025-10-17 17:59:15.791218
796,6.2,2025-10-17 17:59:15.791218
797,5.3,2025-10-17 17:59:15.791218
798,2.3,2025-10-17 17:59:15.791218
799,9.5,2025-10-17 17:59:15.791218
800,4.1,2025-10-17 17:59:15.791218
801,6.1,2025-10-17 17:59:15.791218
802,6.9,2025-10-17 17:59:15.791218
803,1.0,2025-10-17 17:59:15.791218
804,6.3,2025-10-17 17:59:15.791218
805,6.5,2025-10-17 17:59:15.791218
806,6.3,2025-10-17 17:59:15.791218
807,4.7,2025-10-17 17:59:15.791218
808,9.6,2025-10-17 17:59:15.791218
809,9.5,2025-10-17 17:59:15.791218
810,5.9,2025-10-17 17:59:15.791218
811,9.3,2025-10-17 17:59:15.791218
812,8.4,2025-10-17 17:59:15.791218
813,5.4,2025-10-17 17:59:15.791218
814,3.0,2025-10-17 17:59:15.791218
815,1.6,2025-10-17 17:59:15.791218
816,7.5,2025-10-17 17:59:15.791218
817,3.9,2025-10-17 17:59:15.791218
818,9.2,2025-10-17 17:59:15.791218
819,7.9,2025-10-17 17:59:15.791218
820,8.0,2025-10-17 17:59:15.791218
821,6.0,2025-10-17 17:59:15.791218
822,2.9,2025-10-17 17:59:15.791218
823,9.3,2025-10-17 17:59:15.791218
824,8.1,2025-10-17 17:59:15.791218
825,9.9,2025-10-17 17:59:15.791218
826,1.4,2025-10-17 17:59:15.791218
827,4.6,2025-10-17 17:59:15.791218
828,9.2,2025-10-17 17:59:15.791218
829,1.8,2025-10-17 17:59:15.791218
830,4.9,2025-10-17 17:59:15.791218
831,7.3,2025-10-17 17:59:15.791218
832,6.2,2025-10-17 17:59:15.791218
833,4.3,2025-10-17 17:59:15.791218
834,3.4,2025-10-17 17:59:15.791218
835,4.0,2025-10-17 17:59:15.791218
836,8.6,2025-10-17 17:59:15.791218
837,5.4,2025-10-17 17:59:15.791218
838,5.4,2025-10-17 17:59:15.791218
839,4.6,2025-10-17 17:59:15.791218
840,8.8,2025-10-17 17:59:15.791218
841,8.3,2025-10-17 17:59:15.791218
842,5.8,2025-10-17 17:59:15.791218
843,2.1,2025-10-17 17:59:15.791218
844,7.0,2025-10-17 17:59:15.791218
845,1.6,2025-10-17 17:59:15.791218
846,9.1,2025-10-17 17:59:15.791218
847,4.9,2025-10-17 17:59:15.791218
848,2.7,2025-10-17 17:59:15.791218
849,5.6,2025-10-17 17:59:15.791218
850,4.6,2025-10-17 17:59:15.791218
851,9.3,2025-10-17 17:59:15.791218
852,8.2,2025-10-17 17:59:15.791218
853,8.0,2025-10-17 17:59:15.791218
854,1.5,2025-10-17 17:59:15.791218
855,5.9,2025-10-17 17:59:15.791218
856,2.6,2025-10-17 17:59:15.791218
857,2.6,2025-10-17 17:59:15.791218
858,1.8,2025-10-17 17:59:15.791218
859,9.2,2025-10-17 17:59:15.791218
860,7.4,2025-10-17 17:59:15.791218
861,9.4,2025-10-17 17:59:15.791218
862,2.6,2025-10-17 17:59:15.791218
863,6.3,2025-10-17 17:59:15.791218
864,8.9,2025-10-17 17:59:15.791218
865,6.5,2025-10-17 17:59:15.791218
866,5.3,2025-10-17 17:59:15.791218
867,8.3,2025-10-17 17:59:15.791218
868,7.5,2025-10-17 17:59:15.791218
869,9.8,2025-10-17 17:59:15.791218
870,8.5,2025-10-17 17:59:15.791218
871,4.7,2025-10-17 17:59:15.791218
872,6.0,2025-10-17 17:59:15.791218
873,4.4,2025-10-17 17:59:15.791218
874,6.8,2025-10-17 17:59:15.791218
875,2.4,2025-10-17 17:59:15.791218
876,5.5,2025-10-17 17:59:15.791218
877,6.6,2025-10-17 17:59:15.791218
878,2.0,2025-10-17 17:59:15.791218
879,7.3,2025-10-17 17:59:15.791218
880,4.9,2025-10-17 17:59:15.791218
881,8.0,2025-10-17 17:59:15.791218
882,2.1,2025-10-17 17:59:15.791218
883,2.2,2025-10-17 17:59:15.791218
884,8.9,2025-10-17 17:59:15.791218
885,2.9,2025-10-17 17:59:15.791218
886,4.7,2025-10-17 17:59:15.791218
887,2.2,2025-10-17 17:59:15.791218
888,4.3,2025-10-17 17:59:15.791218
889,6.7,2025-10-17 17:59:15.791218
890,9.7,2025-10-17 17:59:15.791218
891,8.9,2025-10-17 17:59:15.791218
892,6.0,2025-10-17 17:59:15.791218
893,1.2,2025-10-17 17:59:15.791218
894,4.3,2025-10-17 17:59:15.791218
895,6.9,2025-10-17 17:59:15.791218
896,7.1,2025-10-17 17:59:15.791218
897,7.2,2025-10-17 17:59:15.791218
898,5.7,2025-10-17 17:59:15.791218
899,7.8,2025-10-17 17:59:15.791218
900,5.2,2025-10-17 17:59:15.791218
901,1.9,2025-10-17 17:59:15.791218
902,6.8,2025-10-17 17:59:15.791218
903,8.2,2025-10-17 17:59:15.791218
904,3.0,2025-10-17 17:59:15.791218
905,6.5,2025-10-17 17:59:15.791218
906,1.9,2025-10-17 17:59:15.791218
907,3.4,2025-10-17 17:59:15.791218
908,3.0,2025-10-17 17:59:15.791218
909,5.9,2025-10-17 17:59:15.791218
910,9.4,2025-10-17 17:59:15.791218
911,4.4,2025-10-17 17:59:15.791218
912,4.8,2025-10-17 17:59:15.791218
913,6.8,2025-10-17 17:59:15.791218
914,6.1,2025-10-17 17:59:15.791218
915,6.0,2025-10-17 17:59:15.791218
916,6.5,2025-10-17 17:59:15.791218
917,7.5,2025-10-17 17:59:15.791218
918,3.5,2025-10-17 17:59:15.791218
919,4.1,2025-10-17 17:59:15.791218
920,5.5,2025-10-17 17:59:15.791218
921,7.8,2025-10-17 17:59:15.791218
922,8.4,2025-10-17 17:59:15.791218
923,6.8,2025-10-17 17:59:15.791218
924,1.8,2025-10-17 17:59:15.791218
925,4.0,2025-10-17 17:59:15.791218
926,6.0,2025-10-17 17:59:15.791218
927,9.0,2025-10-17 17:59:15.791218
928,2.6,2025-10-17 17:59:15.791218
929,4.8,2025-10-17 17:59:15.791218
930,3.3,2025-10-17 17:59:15.791218
931,6.4,2025-10-17 17:59:15.791218
932,2.4,2025-10-17 17:59:15.791218
933,9.6,2025-10-17 17:59:15.791218
934,9.8,2025-10-17 17:59:15.791218
935,4.7,2025-10-17 17:59:15.791218
936,8.3,2025-10-17 17:59:15.791218
937,7.8,2025-10-17 17:59:15.791218
938,7.7,2025-10-17 17:59:15.791218
939,4.4,2025-10-17 17:59:15.791218
940,8.0,2025-10-17 17:59:15.791218
941,7.1,2025-10-17 17:59:15.791218
942,6.4,2025-10-17 17:59:15.791218
943,8.6,2025-10-17 17:59:15.791218
944,7.2,2025-10-17 17:59:15.791218
945,3.6,2025-10-17 17:59:15.791218
946,3.1,2025-10-17 17:59:15.791218
947,7.6,2025-10-17 17:59:15.791218
948,7.1,2025-10-17 17:59:15.791218
949,2.0,2025-10-17 17:59:15.791218
950,1.4,2025-10-17 17:59:15.791218
951,9.1,2025-10-17 17:59:15.791218
952,3.1,2025-10-17 17:59:15.791218
953,5.1,2025-10-17 17:59:15.791218
954,8.2,2025-10-17 17:59:15.791218
955,8.4,2025-10-17 17:59:15.791218
956,2.4,2025-10-17 17:59:15.791218
957,7.5,2025-10-17 17:59:15.791218
958,4.1,2025-10-17 17:59:15.791218
959,6.6,2025-10-17 17:59:15.791218
960,3.5,2025-10-17 17:59:15.791218
961,1.4,2025-10-17 17:59:15.791218
962,8.3,2025-10-17 17:59:15.791218
963,1.6,2025-10-17 17:59:15.791218
964,9.7,2025-10-17 17:59:15.791218
965,3.1,2025-10-17 17:59:15.791218
966,3.7,2025-10-17 17:59:15.791218
967,1.3,2025-10-17 17:59:15.791218
968,5.8,2025-10-17 17:59:15.791218
969,9.8,2025-10-17 17:59:15.791218
970,2.9,2025-10-17 17:59:15.791218
971,8.1,2025-10-17 17:59:15.791218
972,6.8,2025-10-17 17:59:15.791218
973,1.2,2025-10-17 17:59:15.791218
974,8.5,2025-10-17 17:59:15.791218
975,4.6,2025-10-17 17:59:15.791218
976,9.5,2025-10-17 17:59:15.791218
977,8.6,2025-10-17 17:59:15.791218
978,9.6,2025-10-17 17:59:15.791218
979,5.5,2025-10-17 17:59:15.791218
980,1.7,2025-10-17 17:59:15.791218
981,3.6,2025-10-17 17:59:15.791218
982,5.9,2025-10-17 17:59:15.791218
983,9.6,2025-10-17 17:59:15.791218
984,4.7,2025-10-17 17:59:15.791218
985,7.7,2025-10-17 17:59:15.791218
986,2.8,2025-10-17 17:59:15.791218
987,4.9,2025-10-17 17:59:15.791218
988,6.2,2025-10-17 17:59:15.791218
989,9.7,2025-10-17 17:59:15.791218
990,3.8,2025-10-17 17:59:15.791218
991,2.0,2025-10-17 17:59:15.791218
992,4.1,2025-10-17 17:59:15.791218
993,6.8,2025-10-17 17:59:15.791218
994,4.3,2025-10-17 17:59:15.791218
995,3.0,2025-10-17 17:59:15.791218
996,1.7,2025-10-17 17:59:15.791218
997,7.8,2025-10-17 17:59:15.791218
998,8.2,2025-10-17 17:59:15.791218
999,5.9,2025-10-17 17:59:15.791218
1000,1.1,2025-10-17 17:59:15.791218
